{"model_epocss": 1, "layer_epochs": 64, "original_acc": 0.9358999729156494, "original_loss": 0.4466875437259674, "layer": [[4, 15.78498240400808], [8, 7.147904853089549], [12, 5.351284356162952], [16, 1.8034789383220977], [20, 0.9228423312068367], [24, 4.397948186618452], [28, 1.431077163440351], [32, 0.2321143953468853], [36, 0.19220023971205702], [40, 0.6928374791107239], [44, 0.15333713855320652], [48, 0.19617938828734924]], "train_time": 21193.771027565002}